{ "v": "5.5.0", "fr": 60, "ip": 0, "op": 90, "w": 50, "h": 80, "nm": "ScrollAnimation", "ddd": 0, "assets": [], "layers": [{ "ddd": 0, "ind": 1, "ty": 4, "nm": "Dot", "sr": 1, "ks": { "o": { "a": 0, "k": 100, "ix": 11 }, "r": { "a": 0, "k": 0, "ix": 10 }, "p": { "a": 1, "k": [{ "i": { "x": 0.505, "y": 1 }, "o": { "x": 0.655, "y": 0 }, "t": 0, "s": [25, 22, 0], "to": [0, 5.958, 0], "ti": [0, -5.958, 0] }, { "t": 89, "s": [25, 57.75, 0] }], "ix": 2 }, "a": { "a": 0, "k": [25, 22, 0], "ix": 1 }, "s": { "a": 1, "k": [{ "i": { "x": [0, 0, 0.833], "y": [1, 1, 1] }, "o": { "x": [0.167, 0.167, 0.167], "y": [0, 0, 0] }, "t": 6, "s": [0, 0, 100] }, { "i": { "x": [0.833, 0.833, 0.833], "y": [1, 1, 1] }, "o": { "x": [0.167, 0.167, 0.167], "y": [0, 0, 0] }, "t": 26, "s": [100, 100, 100] }, { "i": { "x": [0.667, 0.667, 0.667], "y": [1, 1, 1] }, "o": { "x": [1, 1, 0.333], "y": [0, 0, 0] }, "t": 55, "s": [100, 100, 100] }, { "t": 79, "s": [0, 0, 100] }], "ix": 6 } }, "ao": 0, "shapes": [{ "ind": 0, "ty": "sh", "ix": 1, "ks": { "a": 0, "k": { "i": [
                        [0, -2.761],
                        [2.762, 0],
                        [0, 2.761],
                        [-2.761, 0]
                    ], "o": [
                        [0, 2.761],
                        [-2.761, 0],
                        [0, -2.761],
                        [2.762, 0]
                    ], "v": [
                        [30, 22],
                        [25, 27],
                        [20, 22],
                        [25, 17]
                    ], "c": true }, "ix": 2 }, "nm": "Path 1", "mn": "ADBE Vector Shape - Group", "hd": false }, { "ty": "fl", "c": { "a": 0, "k": [0.8980392156862745, 0.8980392156862745, 0.8980392156862745, 1], "ix": 4 }, "o": { "a": 0, "k": 100, "ix": 5 }, "r": 1, "bm": 0, "nm": "Fill 1", "mn": "ADBE Vector Graphic - Fill", "hd": false }], "ip": 0, "op": 90, "st": 0, "bm": 0 }, { "ddd": 0, "ind": 2, "ty": 4, "nm": "Outline", "sr": 1, "ks": { "o": { "a": 0, "k": 100, "ix": 11 }, "r": { "a": 0, "k": 0, "ix": 10 }, "p": { "a": 0, "k": [25, 40, 0], "ix": 2 }, "a": { "a": 0, "k": [25, 40, 0], "ix": 1 }, "s": { "a": 0, "k": [100, 100, 100], "ix": 6 } }, "ao": 0, "shapes": [{ "ind": 0, "ty": "sh", "ix": 1, "ks": { "a": 0, "k": { "i": [
                        [13.807, 0],
                        [0, 0],
                        [0, -13.807],
                        [0, 0],
                        [-13.807, 0],
                        [0, 13.807],
                        [0, 0]
                    ], "o": [
                        [0, 0],
                        [-13.807, 0],
                        [0, 0],
                        [0, 13.807],
                        [13.807, 0],
                        [0, 0],
                        [0, -13.807]
                    ], "v": [
                        [25, 0],
                        [25, 0],
                        [0, 25],
                        [0, 55],
                        [25, 80],
                        [50, 55],
                        [50, 25]
                    ], "c": true }, "ix": 2 }, "nm": "Path 1", "mn": "ADBE Vector Shape - Group", "hd": false }, { "ind": 1, "ty": "sh", "ix": 2, "ks": { "a": 0, "k": { "i": [
                        [-11.028, 0],
                        [0, -11.028],
                        [0, 0],
                        [11.028, 0],
                        [0, 11.028],
                        [0, 0]
                    ], "o": [
                        [11.028, 0],
                        [0, 0],
                        [0, 11.028],
                        [-11.028, 0],
                        [0, 0],
                        [0, -11.028]
                    ], "v": [
                        [25, 5],
                        [45, 25],
                        [45, 55],
                        [25, 75],
                        [5, 55],
                        [5, 25]
                    ], "c": true }, "ix": 2 }, "nm": "Path 2", "mn": "ADBE Vector Shape - Group", "hd": false }, { "ty": "mm", "mm": 1, "nm": "Merge Paths 1", "mn": "ADBE Vector Filter - Merge", "hd": false }, { "ty": "fl", "c": { "a": 0, "k": [0.8980392156862745, 0.8980392156862745, 0.8980392156862745, 1], "ix": 4 }, "o": { "a": 0, "k": 100, "ix": 5 }, "r": 1, "bm": 0, "nm": "Fill 1", "mn": "ADBE Vector Graphic - Fill", "hd": false }], "ip": 0, "op": 90, "st": 0, "bm": 0 }], "markers": [] }