{"v":"5.6.9","fr":60,"ip":0,"op":183,"w":969,"h":489,"nm":"logo-wow","ddd":0,"assets":[],"layers":[{"ddd":0,"ind":1,"ty":4,"nm":"Elipse 1","sr":1,"ks":{"o":{"a":1,"k":[{"i":{"x":[0],"y":[1]},"o":{"x":[0.333],"y":[0]},"t":5,"s":[0]},{"i":{"x":[0.114],"y":[1]},"o":{"x":[0.333],"y":[0]},"t":10,"s":[100]},{"i":{"x":[0],"y":[1]},"o":{"x":[0.333],"y":[0]},"t":73,"s":[100]},{"t":83,"s":[0]}],"ix":11},"r":{"a":0,"k":0,"ix":10},"p":{"a":1,"k":[{"i":{"x":0,"y":1},"o":{"x":0.333,"y":0},"t":0,"s":[484,511,0],"to":[0,-60.137,0],"ti":[0,0,0]},{"i":{"x":0.667,"y":1},"o":{"x":1,"y":0},"t":37,"s":[484,24,0],"to":[0,0,0],"ti":[0,0,0]},{"i":{"x":0,"y":1},"o":{"x":0.333,"y":0},"t":55,"s":[484,200,0],"to":[0,0,0],"ti":[0,0,0]},{"i":{"x":0.667,"y":1},"o":{"x":1,"y":0},"t":65,"s":[484,124,0],"to":[0,0,0],"ti":[0,0,0]},{"t":77,"s":[484,200,0]}],"ix":2},"a":{"a":0,"k":[74.045,400.801,0],"ix":1},"s":{"a":1,"k":[{"i":{"x":[0,0,0.667],"y":[1,1,1]},"o":{"x":[1,0.333,0.333],"y":[0,0,0]},"t":24,"s":[100,100,100]},{"i":{"x":[0,1,0.667],"y":[1,1,1]},"o":{"x":[1,0.333,0.333],"y":[0,0,0]},"t":37,"s":[100,55,100]},{"i":{"x":[0,1,0.667],"y":[1,1,1]},"o":{"x":[1,0.333,0.333],"y":[0,0,0]},"t":43,"s":[100,100,100]},{"i":{"x":[0,1,0.667],"y":[1,1,1]},"o":{"x":[0.333,0.333,0.333],"y":[0,0,0]},"t":49,"s":[100,100,100]},{"i":{"x":[0,1,0.667],"y":[1,1,1]},"o":{"x":[0.333,0.333,0.333],"y":[0,0,0]},"t":54,"s":[100,72,100]},{"i":{"x":[0,1,0.667],"y":[1,1,1]},"o":{"x":[0.333,0.333,0.333],"y":[0,0,0]},"t":58,"s":[100,100,100]},{"i":{"x":[0,1,0.667],"y":[1,1,1]},"o":{"x":[0.333,0.333,0.333],"y":[0,0,0]},"t":64,"s":[100,87,100]},{"i":{"x":[0,1,0.667],"y":[1,1,1]},"o":{"x":[0.333,0.333,0.333],"y":[0,0,0]},"t":70,"s":[100,100,100]},{"t":79,"s":[100,97,100]}],"ix":6}},"ao":0,"shapes":[{"ty":"gr","it":[{"d":1,"ty":"el","s":{"a":0,"k":[39.414,39.414],"ix":2},"p":{"a":0,"k":[0,0],"ix":3},"nm":"Trazado elíptico 1","mn":"ADBE Vector Shape - Ellipse","hd":false},{"ty":"fl","c":{"a":0,"k":[1,1,1,1],"ix":4},"o":{"a":0,"k":100,"ix":5},"r":1,"bm":0,"nm":"Relleno 1","mn":"ADBE Vector Graphic - Fill","hd":false},{"ty":"tr","p":{"a":0,"k":[74.045,400.801],"ix":2},"a":{"a":0,"k":[0,0],"ix":1},"s":{"a":0,"k":[100,100],"ix":3},"r":{"a":0,"k":0,"ix":6},"o":{"a":0,"k":100,"ix":7},"sk":{"a":0,"k":0,"ix":4},"sa":{"a":0,"k":0,"ix":5},"nm":"Transformar"}],"nm":"Elipse 1","np":3,"cix":2,"bm":0,"ix":1,"mn":"ADBE Vector Group","hd":false}],"ip":-2,"op":1814,"st":14,"bm":0},{"ddd":0,"ind":2,"ty":4,"nm":"smile 2 contornos","sr":1,"ks":{"o":{"a":1,"k":[{"i":{"x":[0.667],"y":[1]},"o":{"x":[0.333],"y":[0]},"t":110,"s":[0]},{"t":117,"s":[100]}],"ix":11},"r":{"a":1,"k":[{"i":{"x":[0.667],"y":[1]},"o":{"x":[0.333],"y":[0]},"t":107,"s":[28]},{"t":136,"s":[0]}],"ix":10},"p":{"a":0,"k":[488.383,316.456,0],"ix":2},"a":{"a":0,"k":[65.956,23.109,0],"ix":1},"s":{"a":0,"k":[100,100,100],"ix":6}},"ao":0,"shapes":[{"ty":"gr","it":[{"ind":0,"ty":"sh","ix":1,"ks":{"a":0,"k":{"i":[[10.434,0],[0,0],[2.147,-4.492],[18.329,0],[5.55,11.552],[4.945,0],[0,0],[-5.739,-8.715],[-27.682,0],[-10.636,16.153]],"o":[[0,0],[-4.979,0],[-5.469,11.45],[-17.998,0],[-2.141,-4.457],[0,0],[-10.434,0],[10.636,16.154],[27.685,0],[5.737,-8.715]],"v":[[49.016,-22.86],[49.016,-22.86],[37.297,-15.566],[0,3.472],[-37.291,-15.652],[-48.969,-22.86],[-49.015,-22.86],[-59.967,-2.534],[0,22.86],[59.969,-2.534]],"c":true},"ix":2},"nm":"Trazado 1","mn":"ADBE Vector Shape - Group","hd":false},{"ty":"fl","c":{"a":0,"k":[1,1,1,1],"ix":4},"o":{"a":0,"k":100,"ix":5},"r":1,"bm":0,"nm":"Relleno 1","mn":"ADBE Vector Graphic - Fill","hd":false},{"ty":"tr","p":{"a":0,"k":[65.956,23.11],"ix":2},"a":{"a":0,"k":[0,0],"ix":1},"s":{"a":0,"k":[100,100],"ix":3},"r":{"a":0,"k":0,"ix":6},"o":{"a":0,"k":100,"ix":7},"sk":{"a":0,"k":0,"ix":4},"sa":{"a":0,"k":0,"ix":5},"nm":"Transformar"}],"nm":"Grupo 1","np":2,"cix":2,"bm":0,"ix":1,"mn":"ADBE Vector Group","hd":false}],"ip":-5,"op":1814,"st":14,"bm":0},{"ddd":0,"ind":3,"ty":4,"nm":"w (2) contornos","sr":1,"ks":{"o":{"a":1,"k":[{"i":{"x":[0],"y":[1]},"o":{"x":[0.333],"y":[0]},"t":81,"s":[0]},{"t":88,"s":[100]}],"ix":11},"r":{"a":0,"k":0,"ix":10},"p":{"a":1,"k":[{"i":{"x":0,"y":1},"o":{"x":0.333,"y":0},"t":72,"s":[483.866,199.48,0],"to":[5.775,0,0],"ti":[-20.04,0,0]},{"t":106,"s":[711.187,199.48,0]}],"ix":2},"a":{"a":0,"k":[71.036,48.303,0],"ix":1},"s":{"a":1,"k":[{"i":{"x":[0,0.667,0.667],"y":[1,1,1]},"o":{"x":[0.333,0.333,0.333],"y":[0,0,0]},"t":77,"s":[29,8,100]},{"i":{"x":[0,0.667,0.667],"y":[1,1,1]},"o":{"x":[0.333,0.333,0.333],"y":[0,0,0]},"t":83,"s":[43.465,125,100]},{"t":94,"s":[100,100,100]}],"ix":6}},"ao":0,"ef":[{"ty":33,"nm":"Esferizar","np":4,"mn":"ADBE Spherize","ix":1,"en":1,"ef":[{"ty":0,"nm":"Radio","mn":"ADBE Spherize-0001","ix":1,"v":{"a":0,"k":0,"ix":1}},{"ty":3,"nm":"Centro de la esfera","mn":"ADBE Spherize-0002","ix":2,"v":{"a":0,"k":[484.5,244.5],"ix":2}}]}],"shapes":[{"ty":"gr","it":[{"ind":0,"ty":"sh","ix":1,"ks":{"a":0,"k":{"i":[[0.54,0.195],[0.195,-0.54],[-0.546,-0.195],[-0.195,0.54]],"o":[[-0.546,-0.195],[-0.196,0.546],[0.54,0.195],[0.195,-0.546]],"v":[[0.349,-0.966],[-0.971,-0.354],[-0.348,0.966],[0.973,0.348]],"c":true},"ix":2},"nm":"Trazado 1","mn":"ADBE Vector Shape - Group","hd":false},{"ty":"fl","c":{"a":0,"k":[1,1,1,1],"ix":4},"o":{"a":0,"k":100,"ix":5},"r":1,"bm":0,"nm":"Relleno 1","mn":"ADBE Vector Graphic - Fill","hd":false},{"ty":"tr","p":{"a":0,"k":[126.453,32.856],"ix":2},"a":{"a":0,"k":[0,0],"ix":1},"s":{"a":0,"k":[100,100],"ix":3},"r":{"a":0,"k":0,"ix":6},"o":{"a":0,"k":100,"ix":7},"sk":{"a":0,"k":0,"ix":4},"sa":{"a":0,"k":0,"ix":5},"nm":"Transformar"}],"nm":"Grupo 1","np":2,"cix":2,"bm":0,"ix":1,"mn":"ADBE Vector Group","hd":false},{"ty":"gr","it":[{"ind":0,"ty":"sh","ix":1,"ks":{"a":0,"k":{"i":[[0.437,0.156],[0.156,-0.442],[0,0],[0,0],[0,0]],"o":[[-0.448,-0.156],[0,0],[0,0],[0,0],[0.164,-0.442]],"v":[[0.347,-0.859],[-0.686,-0.378],[-0.992,0.469],[0.53,1.014],[0.828,0.168]],"c":true},"ix":2},"nm":"Trazado 1","mn":"ADBE Vector Shape - Group","hd":false},{"ty":"fl","c":{"a":0,"k":[1,1,1,1],"ix":4},"o":{"a":0,"k":100,"ix":5},"r":1,"bm":0,"nm":"Relleno 1","mn":"ADBE Vector Graphic - Fill","hd":false},{"ty":"tr","p":{"a":0,"k":[126.786,28.477],"ix":2},"a":{"a":0,"k":[0,0],"ix":1},"s":{"a":0,"k":[100,100],"ix":3},"r":{"a":0,"k":0,"ix":6},"o":{"a":0,"k":100,"ix":7},"sk":{"a":0,"k":0,"ix":4},"sa":{"a":0,"k":0,"ix":5},"nm":"Transformar"}],"nm":"Grupo 2","np":2,"cix":2,"bm":0,"ix":2,"mn":"ADBE Vector Group","hd":false},{"ty":"gr","it":[{"ind":0,"ty":"sh","ix":1,"ks":{"a":0,"k":{"i":[[-0.195,0.546],[0.546,0.194],[0.195,-0.546],[-0.539,-0.195]],"o":[[0.194,-0.54],[-0.54,-0.196],[-0.195,0.546],[0.547,0.195]],"v":[[0.976,0.345],[0.345,-0.968],[-0.975,-0.351],[-0.351,0.969]],"c":true},"ix":2},"nm":"Trazado 1","mn":"ADBE Vector Shape - Group","hd":false},{"ty":"fl","c":{"a":0,"k":[1,1,1,1],"ix":4},"o":{"a":0,"k":100,"ix":5},"r":1,"bm":0,"nm":"Relleno 1","mn":"ADBE Vector Graphic - Fill","hd":false},{"ty":"tr","p":{"a":0,"k":[125.449,35.649],"ix":2},"a":{"a":0,"k":[0,0],"ix":1},"s":{"a":0,"k":[100,100],"ix":3},"r":{"a":0,"k":0,"ix":6},"o":{"a":0,"k":100,"ix":7},"sk":{"a":0,"k":0,"ix":4},"sa":{"a":0,"k":0,"ix":5},"nm":"Transformar"}],"nm":"Grupo 3","np":2,"cix":2,"bm":0,"ix":3,"mn":"ADBE Vector Group","hd":false},{"ty":"gr","it":[{"ind":0,"ty":"sh","ix":1,"ks":{"a":0,"k":{"i":[[0.546,0.195],[0.195,-0.546],[-0.54,-0.195],[-0.195,0.547]],"o":[[-0.54,-0.195],[-0.195,0.539],[0.546,0.195],[0.195,-0.539]],"v":[[0.345,-0.966],[-0.975,-0.348],[-0.35,0.966],[0.975,0.348]],"c":true},"ix":2},"nm":"Trazado 1","mn":"ADBE Vector Shape - Group","hd":false},{"ty":"fl","c":{"a":0,"k":[1,1,1,1],"ix":4},"o":{"a":0,"k":100,"ix":5},"r":1,"bm":0,"nm":"Relleno 1","mn":"ADBE Vector Graphic - Fill","hd":false},{"ty":"tr","p":{"a":0,"k":[129.312,24.891],"ix":2},"a":{"a":0,"k":[0,0],"ix":1},"s":{"a":0,"k":[100,100],"ix":3},"r":{"a":0,"k":0,"ix":6},"o":{"a":0,"k":100,"ix":7},"sk":{"a":0,"k":0,"ix":4},"sa":{"a":0,"k":0,"ix":5},"nm":"Transformar"}],"nm":"Grupo 4","np":2,"cix":2,"bm":0,"ix":4,"mn":"ADBE Vector Group","hd":false},{"ty":"gr","it":[{"ind":0,"ty":"sh","ix":1,"ks":{"a":0,"k":{"i":[[0.194,-0.546],[-0.546,-0.194],[-0.195,0.546],[0.546,0.196]],"o":[[-0.195,0.54],[0.54,0.196],[0.195,-0.546],[-0.54,-0.194]],"v":[[-0.972,-0.349],[-0.348,0.965],[0.972,0.348],[0.341,-0.966]],"c":true},"ix":2},"nm":"Trazado 1","mn":"ADBE Vector Shape - Group","hd":false},{"ty":"fl","c":{"a":0,"k":[1,1,1,1],"ix":4},"o":{"a":0,"k":100,"ix":5},"r":1,"bm":0,"nm":"Relleno 1","mn":"ADBE Vector Graphic - Fill","hd":false},{"ty":"tr","p":{"a":0,"k":[131.721,18.187],"ix":2},"a":{"a":0,"k":[0,0],"ix":1},"s":{"a":0,"k":[100,100],"ix":3},"r":{"a":0,"k":0,"ix":6},"o":{"a":0,"k":100,"ix":7},"sk":{"a":0,"k":0,"ix":4},"sa":{"a":0,"k":0,"ix":5},"nm":"Transformar"}],"nm":"Grupo 5","np":2,"cix":2,"bm":0,"ix":5,"mn":"ADBE Vector Group","hd":false},{"ty":"gr","it":[{"ind":0,"ty":"sh","ix":1,"ks":{"a":0,"k":{"i":[[0.176,-0.488],[0.331,-0.006],[0,0],[-0.123,0.345],[0.287,0.104],[0.826,0.293],[-0.169,0.462],[-0.326,0.026],[0,0],[0.091,-0.254],[-0.274,-0.104],[-0.838,-0.299]],"o":[[-0.163,0.461],[0,0],[0.273,0.006],[0.111,-0.319],[-0.624,-0.222],[-0.358,-0.13],[0.13,-0.37],[0,0],[-0.274,0.007],[-0.104,0.292],[0.611,0.215],[0.372,0.136]],"v":[[63.517,-34.268],[62.698,-33.579],[62.659,-33.819],[63.302,-34.346],[63.081,-35.087],[61.495,-34.093],[61.13,-35.101],[61.866,-35.718],[61.904,-35.484],[61.344,-35.022],[61.58,-34.32],[63.164,-35.315]],"c":true},"ix":2},"nm":"Trazado 1","mn":"ADBE Vector Shape - Group","hd":false},{"ind":1,"ty":"sh","ix":2,"ks":{"a":0,"k":{"i":[[0.176,-0.488],[0.331,0],[0,0],[-0.124,0.345],[0.286,0.097],[0.82,0.299],[-0.169,0.468],[-0.325,0.026],[0,0],[0.091,-0.247],[-0.273,-0.097],[-0.839,-0.3]],"o":[[-0.163,0.455],[0,0],[0.273,0.006],[0.11,-0.318],[-0.618,-0.228],[-0.364,-0.13],[0.13,-0.37],[0,0],[-0.273,0.007],[-0.105,0.3],[0.611,0.222],[0.371,0.137]],"v":[[62.815,-32.311],[61.995,-31.628],[61.956,-31.862],[62.599,-32.389],[62.379,-33.13],[60.799,-32.142],[60.427,-33.15],[61.163,-33.761],[61.202,-33.527],[60.643,-33.072],[60.877,-32.37],[62.463,-33.364]],"c":true},"ix":2},"nm":"Trazado 2","mn":"ADBE Vector Shape - Group","hd":false},{"ind":2,"ty":"sh","ix":3,"ks":{"a":0,"k":{"i":[[0,0],[0,0],[0.162,-0.435],[0.677,0.24],[-0.235,0.65],[-0.409,0.065],[0,0],[0,0],[0,0]],"o":[[0,0],[0.272,0.312],[-0.228,0.651],[-0.675,-0.241],[0.155,-0.436],[0,0],[0,0],[0,0],[0,0]],"v":[[62.171,-30.672],[61.658,-30.854],[61.866,-29.671],[60.252,-28.916],[59.486,-30.529],[60.401,-31.303],[59.888,-31.492],[59.973,-31.726],[62.255,-30.906]],"c":true},"ix":2},"nm":"Trazado 3","mn":"ADBE Vector Shape - Group","hd":false},{"ind":3,"ty":"sh","ix":4,"ks":{"a":0,"k":{"i":[[0,0],[0,0],[0.131,-0.358],[-0.578,-0.208],[0,0],[0,0],[0,0],[0.13,-0.351],[-0.579,-0.215],[0,0],[0,0],[0,0],[0,0],[0,0],[-0.104,0.293],[-0.345,0.013],[-0.11,0.306],[-0.572,-0.202],[0,0]],"o":[[0,0],[-0.436,-0.149],[-0.136,0.383],[0,0],[0,0],[0,0],[-0.436,-0.156],[-0.13,0.378],[0,0],[0,0],[0,0],[0,0],[0,0],[-0.254,-0.286],[0.123,-0.331],[-0.261,-0.279],[0.169,-0.481],[0,0],[0,0]],"v":[[61.137,-27.791],[59.687,-28.312],[58.802,-27.941],[59.393,-26.953],[60.667,-26.497],[60.591,-26.27],[59.141,-26.79],[58.263,-26.446],[58.848,-25.431],[60.122,-24.976],[60.044,-24.748],[57.762,-25.568],[57.84,-25.795],[58.237,-25.652],[58.055,-26.55],[58.776,-27.096],[58.588,-28.026],[59.771,-28.539],[61.215,-28.019]],"c":true},"ix":2},"nm":"Trazado 4","mn":"ADBE Vector Shape - Group","hd":false},{"ind":4,"ty":"sh","ix":5,"ks":{"a":0,"k":{"i":[[0.24,-0.663],[0.676,0.247],[-0.241,0.663],[-0.676,-0.24]],"o":[[-0.241,0.67],[-0.677,-0.241],[0.234,-0.663],[0.676,0.247]],"v":[[59.466,-22.986],[57.846,-22.212],[57.086,-23.838],[58.705,-24.612]],"c":true},"ix":2},"nm":"Trazado 5","mn":"ADBE Vector Shape - Group","hd":false},{"ind":5,"ty":"sh","ix":6,"ks":{"a":0,"k":{"i":[[0,0],[0,0],[0,0],[0,0],[-0.112,0.312],[0,0],[-0.578,-0.208],[0,0]],"o":[[0,0],[0,0],[0,0],[-0.306,-0.286],[0,0],[-0.137,0.396],[0,0],[0,0]],"v":[[58.568,-20.639],[56.286,-21.458],[56.37,-21.692],[56.812,-21.53],[56.612,-22.466],[56.826,-22.388],[57.378,-21.328],[58.653,-20.867]],"c":true},"ix":2},"nm":"Trazado 6","mn":"ADBE Vector Shape - Group","hd":false},{"ind":6,"ty":"sh","ix":7,"ks":{"a":0,"k":{"i":[[0,0],[0,0],[0,0],[-0.565,-0.201],[0.201,-0.572],[0,0],[0,0]],"o":[[0,0],[0,0],[0.209,-0.572],[0.56,0.201],[0,0],[0,0],[0,0]],"v":[[57.638,-18.051],[54.44,-19.202],[54.828,-20.288],[56.182,-20.925],[56.812,-19.579],[56.507,-18.734],[57.723,-18.291]],"c":true},"ix":2},"nm":"Trazado 7","mn":"ADBE Vector Shape - Group","hd":false},{"ind":7,"ty":"sh","ix":8,"ks":{"a":0,"k":{"i":[[0.233,-0.663],[0.676,0.241],[-0.241,0.67],[-0.677,-0.247]],"o":[[-0.241,0.664],[-0.677,-0.247],[0.24,-0.663],[0.676,0.24]],"v":[[56.612,-15.021],[54.986,-14.247],[54.224,-15.879],[55.844,-16.646]],"c":true},"ix":2},"nm":"Trazado 8","mn":"ADBE Vector Shape - Group","hd":false},{"ind":8,"ty":"sh","ix":9,"ks":{"a":0,"k":{"i":[[0,0],[0,0],[0,0],[0,0],[-0.155,0.442],[-0.676,-0.247],[0.234,-0.65],[0.416,-0.058],[0,0]],"o":[[0,0],[0,0],[0,0],[-0.28,-0.312],[0.234,-0.657],[0.677,0.241],[-0.156,0.449],[0,0],[0,0]],"v":[[56.039,-10.723],[52.84,-11.867],[52.924,-12.095],[53.451,-11.906],[53.223,-13.096],[54.841,-13.851],[55.609,-12.244],[54.68,-11.471],[56.122,-10.95]],"c":true},"ix":2},"nm":"Trazado 9","mn":"ADBE Vector Shape - Group","hd":false},{"ind":9,"ty":"sh","ix":10,"ks":{"a":0,"k":{"i":[[0,0],[0,0],[0.123,-0.351],[0.553,0.201],[0,0],[0,0],[0,0],[-0.156,0.428],[0.618,0.221],[0,0],[0,0],[0,0]],"o":[[0,0],[0.279,0.293],[-0.195,0.54],[0,0],[0,0],[0,0],[0.423,0.15],[0.162,-0.449],[0,0],[0,0],[0,0],[0,0]],"v":[[54.789,-10.118],[54.354,-10.274],[54.549,-9.279],[53.315,-8.726],[51.896,-9.233],[51.982,-9.468],[53.398,-8.954],[54.335,-9.376],[53.711,-10.501],[52.508,-10.937],[52.586,-11.165],[54.875,-10.346]],"c":true},"ix":2},"nm":"Trazado 10","mn":"ADBE Vector Shape - Group","hd":false},{"ind":10,"ty":"sh","ix":11,"ks":{"a":0,"k":{"i":[[0,0],[0,0],[0,0],[0,0],[-0.117,0.312],[0,0],[-0.585,-0.208],[0,0]],"o":[[0,0],[0,0],[0,0],[-0.305,-0.286],[0,0],[-0.137,0.397],[0,0],[0,0]],"v":[[53.677,-7.023],[51.396,-7.842],[51.474,-8.07],[51.922,-7.907],[51.721,-8.843],[51.935,-8.766],[52.489,-7.706],[53.763,-7.25]],"c":true},"ix":2},"nm":"Trazado 11","mn":"ADBE Vector Shape - Group","hd":false},{"ind":11,"ty":"sh","ix":12,"ks":{"a":0,"k":{"i":[[0.345,-0.956],[0.917,0.331],[-0.344,0.969],[-0.56,0.097],[0,0],[0.181,-0.507],[-0.78,-0.28],[-0.313,0.859],[0.585,0.267],[0,0],[0,0],[0,0],[0,0]],"o":[[-0.351,0.988],[-0.91,-0.326],[0.215,-0.599],[0,0],[-0.482,0.065],[-0.299,0.839],[0.787,0.286],[0.272,-0.774],[0,0],[0,0],[0,0],[0,0],[0.773,0.279]],"v":[[52.969,-4.896],[50.719,-3.81],[49.666,-6.06],[50.935,-7.159],[50.987,-6.899],[49.901,-5.976],[50.804,-4.051],[52.742,-4.981],[52.124,-6.665],[51.643,-5.306],[51.409,-5.391],[51.987,-6.99],[52.112,-6.951]],"c":true},"ix":2},"nm":"Trazado 12","mn":"ADBE Vector Shape - Group","hd":false},{"ind":12,"ty":"sh","ix":13,"ks":{"a":0,"k":{"i":[[6.795,0],[0,0],[1.365,-3.941],[0,0],[0.059,-0.235],[3.2,9.077],[0,0],[4.149,0],[0,0],[1.347,-3.979],[0,0],[2.588,9.285],[0,0],[0.085,0.24],[0,0],[4.117,0],[0,0],[-2.387,-6.399],[0,0],[-4.084,0],[0,0],[-1.424,3.843],[0,0],[-3.232,-8.427],[0,0],[-4.051,0],[0,0],[-1.405,3.869],[0,0]],"o":[[0,0],[-4.175,0],[0,0],[-0.078,0.228],[-2.477,9.298],[0,0],[-1.379,-3.915],[0,0],[-4.2,0],[0,0],[-3.083,9.13],[0,0],[-0.065,-0.24],[0,0],[-1.412,-3.862],[0,0],[-6.828,0],[0,0],[1.424,3.829],[0,0],[4.097,0],[0,0],[3.14,-8.46],[0,0],[1.45,3.784],[0,0],[4.115,0],[0,0],[2.322,-6.379]],"v":[[59.263,-48.053],[56.15,-48.053],[46.896,-41.466],[37.877,-15.392],[37.669,-14.708],[18.981,-13.98],[9.267,-41.518],[0.039,-48.053],[-0.032,-48.053],[-9.311,-41.395],[-18.479,-14.234],[-37.18,-14.741],[-37.207,-14.826],[-37.435,-15.547],[-46.922,-41.616],[-56.123,-48.053],[-59.23,-48.053],[-68.399,-34.84],[-39.821,41.688],[-30.652,48.053],[-26.66,48.053],[-17.479,41.668],[-8.935,18.623],[9.383,18.519],[18.305,41.772],[27.44,48.053],[31.453,48.053],[40.654,41.609],[68.465,-34.925]],"c":true},"ix":2},"nm":"Trazado 13","mn":"ADBE Vector Shape - Group","hd":false},{"ty":"mm","mm":1,"nm":"Combinar trazados 1","mn":"ADBE Vector Filter - Merge","hd":false},{"ty":"fl","c":{"a":0,"k":[1,1,1,1],"ix":4},"o":{"a":0,"k":100,"ix":5},"r":1,"bm":0,"nm":"Relleno 1","mn":"ADBE Vector Graphic - Fill","hd":false},{"ty":"tr","p":{"a":0,"k":[71.036,48.303],"ix":2},"a":{"a":0,"k":[0,0],"ix":1},"s":{"a":0,"k":[100,100],"ix":3},"r":{"a":0,"k":0,"ix":6},"o":{"a":0,"k":100,"ix":7},"sk":{"a":0,"k":0,"ix":4},"sa":{"a":0,"k":0,"ix":5},"nm":"Transformar"}],"nm":"Grupo 6","np":15,"cix":2,"bm":0,"ix":6,"mn":"ADBE Vector Group","hd":false}],"ip":-2,"op":1814,"st":14,"bm":0},{"ddd":0,"ind":4,"ty":4,"nm":"o (2) contornos 2","sr":1,"ks":{"o":{"a":1,"k":[{"i":{"x":[0],"y":[1]},"o":{"x":[0.333],"y":[0]},"t":72,"s":[0]},{"t":89,"s":[100]}],"ix":11},"r":{"a":0,"k":0,"ix":10},"p":{"a":1,"k":[{"i":{"x":0,"y":1},"o":{"x":0.333,"y":0},"t":73,"s":[483.885,199.552,0],"to":[11.911,0,0],"ti":[-11.911,0,0]},{"t":98,"s":[555.352,199.552,0]}],"ix":2},"a":{"a":0,"k":[52.222,50.709,0],"ix":1},"s":{"a":1,"k":[{"i":{"x":[0,0.667,0.667],"y":[1,1,1]},"o":{"x":[0.333,0.333,0.333],"y":[0,0,0]},"t":77,"s":[41.264,41.264,100]},{"i":{"x":[0,0.667,0.667],"y":[1,1,1]},"o":{"x":[0.333,0.333,0.333],"y":[0,0,0]},"t":83,"s":[98.647,125,100]},{"t":106,"s":[100,100,100]}],"ix":6}},"ao":0,"shapes":[{"ind":0,"ty":"sh","ix":1,"ks":{"a":1,"k":[{"i":{"x":0.833,"y":0.833},"o":{"x":0.333,"y":0},"t":136,"s":[{"i":[[18.701,0],[0,18.012],[-2.691,4.71],[-12.016,0],[0,-17.602]],"o":[[-18.285,0],[0,-5.988],[5.158,-9.027],[18.701,0],[0,17.869]],"v":[[59.301,77.421],[28.368,46.352],[32.545,30.104],[59.301,15.14],[90.239,46.352]],"c":true}]},{"i":{"x":0,"y":1},"o":{"x":0.167,"y":0.167},"t":138,"s":[{"i":[[24.572,-0.785],[7.127,5.101],[-1.389,0.755],[-18.625,-0.484],[-4.799,2.039]],"o":[[-14.071,0.603],[-2.623,-3.349],[10.247,2.775],[21.63,0.25],[-4.799,4.795]],"v":[[59.257,73.952],[28.27,65.862],[26.093,61.024],[60.626,66.855],[95.862,59.372]],"c":true}]},{"i":{"x":0.833,"y":0.833},"o":{"x":0.333,"y":0},"t":140,"s":[{"i":[[14.891,-1.528],[4.037,1.136],[3.242,1.876],[-8.622,-0.43],[-8.875,2.628]],"o":[[-9.309,0.955],[-6.845,-1.926],[10.064,2.923],[7.204,0.359],[-2.708,1.136]],"v":[[66.55,73.915],[46.161,73.336],[33.678,66.961],[59.427,70.322],[84.308,66.258]],"c":true}]},{"i":{"x":0,"y":1},"o":{"x":0.167,"y":0.167},"t":154,"s":[{"i":[[15,-1.022],[6.195,15.004],[-0.886,3.929],[-10.47,-0.178],[0.044,-13.81]],"o":[[-14.858,0.396],[-1.055,-7.246],[6.288,-4.827],[29.759,0.386],[-0.956,23.44]],"v":[[61.37,77.93],[29.175,56.904],[29.95,39.639],[59.361,34.771],[90.326,45.468]],"c":true}]},{"t":180,"s":[{"i":[[18.701,0],[0,18.012],[-2.691,4.71],[-12.016,0],[0,-17.602]],"o":[[-18.285,0],[0,-5.988],[5.158,-9.027],[18.701,0],[0,17.869]],"v":[[59.301,77.421],[28.368,46.352],[32.545,30.104],[59.301,15.14],[90.239,46.352]],"c":true}]}],"ix":2},"nm":"Trazado 1","mn":"ADBE Vector Shape - Group","hd":false},{"ind":1,"ty":"sh","ix":2,"ks":{"a":1,"k":[{"i":{"x":0.833,"y":0.833},"o":{"x":0.333,"y":0},"t":136,"s":[{"i":[[30.802,0],[0,-31.348],[-30.796,0],[0,31.349]],"o":[[-30.796,0],[0,31.349],[30.802,0],[0,-31.348]],"v":[[59.301,-4.107],[7.332,46.352],[59.301,96.812],[111.275,46.352]],"c":true}]},{"i":{"x":0,"y":1},"o":{"x":0.167,"y":0.167},"t":138,"s":[{"i":[[38.749,0],[0,-19.747],[-38.741,0],[0,12.818]],"o":[[-38.741,0],[0,12.818],[38.749,0],[0,-18.109]],"v":[[59.25,54.975],[-3.577,59.968],[59.212,88.158],[122.87,59.086]],"c":true}]},{"i":{"x":0.833,"y":0.833},"o":{"x":0.333,"y":0},"t":140,"s":[{"i":[[36.153,0],[0,-19.808],[-36.146,0],[0,8.837]],"o":[[-36.146,0],[0,8.837],[36.153,0],[0,-17.215]],"v":[[59.265,59.711],[1.737,61.966],[59.214,88.158],[117.87,60.57]],"c":true}]},{"i":{"x":0,"y":1},"o":{"x":0.167,"y":0.167},"t":147,"s":[{"i":[[32.361,0],[10.167,-24.742],[-32.355,0],[0,24.791]],"o":[[-32.355,0],[0,24.791],[32.361,0],[-7.326,-17.336]],"v":[[59.712,31.483],[5.702,50.9],[59.276,94.291],[113.196,50.493]],"c":true}]},{"t":176,"s":[{"i":[[30.802,0],[0,-31.348],[-30.796,0],[0,31.349]],"o":[[-30.796,0],[0,31.349],[30.802,0],[0,-31.348]],"v":[[59.301,-4.107],[7.332,46.352],[59.301,96.812],[111.275,46.352]],"c":true}]}],"ix":2},"nm":"Trazado 2","mn":"ADBE Vector Shape - Group","hd":false},{"ty":"mm","mm":1,"nm":"Combinar trazados 1","mn":"ADBE Vector Filter - Merge","hd":false},{"ty":"fl","c":{"a":0,"k":[1,1,1,1],"ix":4},"o":{"a":0,"k":100,"ix":5},"r":1,"bm":0,"nm":"Relleno 1","mn":"ADBE Vector Graphic - Fill","hd":false}],"ip":-4,"op":1814,"st":14,"bm":0},{"ddd":0,"ind":5,"ty":4,"nm":"o (1) contornos","sr":1,"ks":{"o":{"a":1,"k":[{"i":{"x":[0],"y":[1]},"o":{"x":[0.333],"y":[0]},"t":73,"s":[0]},{"t":89,"s":[100]}],"ix":11},"r":{"a":0,"k":0,"ix":10},"p":{"a":1,"k":[{"i":{"x":0,"y":1},"o":{"x":0.333,"y":0},"t":73,"s":[483.885,199.552,0],"to":[-11.739,0,0],"ti":[11.739,0,0]},{"t":98,"s":[413.448,199.552,0]}],"ix":2},"a":{"a":0,"k":[52.221,50.709,0],"ix":1},"s":{"a":1,"k":[{"i":{"x":[0,0.667,0.667],"y":[1,1,1]},"o":{"x":[0.333,0.333,0.333],"y":[0,0,0]},"t":77,"s":[41.264,41.264,100]},{"i":{"x":[0,0.667,0.667],"y":[1,1,1]},"o":{"x":[0.333,0.333,0.333],"y":[0,0,0]},"t":83,"s":[92.223,125,100]},{"t":106,"s":[100,100,100]}],"ix":6}},"ao":0,"shapes":[{"ty":"gr","it":[{"ind":0,"ty":"sh","ix":1,"ks":{"a":0,"k":{"i":[[18.701,0],[0,18.012],[-18.285,0],[0,-17.602]],"o":[[-18.285,0],[0,-17.465],[18.701,0],[0,17.869]],"v":[[0.004,31.068],[-30.93,-0.001],[0.004,-31.212],[30.941,-0.001]],"c":true},"ix":2},"nm":"Trazado 1","mn":"ADBE Vector Shape - Group","hd":false},{"ind":1,"ty":"sh","ix":2,"ks":{"a":0,"k":{"i":[[0,31.349],[30.795,0],[0,-31.348],[-30.796,0]],"o":[[0,-31.348],[-30.796,0],[0,31.349],[30.795,0]],"v":[[51.971,-0.001],[0.004,-50.46],[-51.971,-0.001],[0.004,50.46]],"c":true},"ix":2},"nm":"Trazado 2","mn":"ADBE Vector Shape - Group","hd":false},{"ty":"mm","mm":1,"nm":"Combinar trazados 1","mn":"ADBE Vector Filter - Merge","hd":false},{"ty":"fl","c":{"a":0,"k":[1,1,1,1],"ix":4},"o":{"a":0,"k":100,"ix":5},"r":1,"bm":0,"nm":"Relleno 1","mn":"ADBE Vector Graphic - Fill","hd":false},{"ty":"tr","p":{"a":0,"k":[52.221,50.71],"ix":2},"a":{"a":0,"k":[0,0],"ix":1},"s":{"a":0,"k":[100,100],"ix":3},"r":{"a":0,"k":0,"ix":6},"o":{"a":0,"k":100,"ix":7},"sk":{"a":0,"k":0,"ix":4},"sa":{"a":0,"k":0,"ix":5},"nm":"Transformar"}],"nm":"Grupo 1","np":4,"cix":2,"bm":0,"ix":1,"mn":"ADBE Vector Group","hd":false}],"ip":-6,"op":1814,"st":14,"bm":0},{"ddd":0,"ind":6,"ty":4,"nm":"w (1) contornos","sr":1,"ks":{"o":{"a":1,"k":[{"i":{"x":[0],"y":[1]},"o":{"x":[0.333],"y":[0]},"t":81,"s":[0]},{"t":88,"s":[100]}],"ix":11},"r":{"a":0,"k":0,"ix":10},"p":{"a":1,"k":[{"i":{"x":0,"y":1},"o":{"x":0.333,"y":0},"t":72,"s":[483.883,199.48,0],"to":[-37.765,0,0],"ti":[37.765,0,0]},{"t":106,"s":[257.291,199.48,0]}],"ix":2},"a":{"a":0,"k":[71.033,48.303,0],"ix":1},"s":{"a":1,"k":[{"i":{"x":[0,0.667,0.667],"y":[1,1,1]},"o":{"x":[0.333,0.333,0.333],"y":[0,0,0]},"t":77,"s":[25,8,100]},{"i":{"x":[0,0.667,0.667],"y":[1,1,1]},"o":{"x":[0.333,0.333,0.333],"y":[0,0,0]},"t":83,"s":[43.5,125,100]},{"t":94,"s":[100,100,100]}],"ix":6}},"ao":0,"shapes":[{"ty":"gr","it":[{"ind":0,"ty":"sh","ix":1,"ks":{"a":0,"k":{"i":[[6.789,0],[0,0],[1.366,-3.941],[0,0],[0.059,-0.235],[3.199,9.077],[0,0],[4.149,0],[0,0],[1.346,-3.979],[0,0],[2.588,9.286],[0,0],[0.085,0.24],[0,0],[4.117,0],[0,0],[-2.386,-6.399],[0,0],[-4.09,0],[0,0],[-1.423,3.843],[0,0],[-3.231,-8.427],[0,0],[-4.052,0],[0,0],[-1.405,3.868],[0,0]],"o":[[0,0],[-4.169,0],[0,0],[-0.078,0.227],[-2.477,9.298],[0,0],[-1.378,-3.915],[0,0],[-4.194,0],[0,0],[-3.082,9.13],[0,0],[-0.065,-0.241],[0,0],[-1.405,-3.862],[0,0],[-6.828,0],[0,0],[1.424,3.829],[0,0],[4.096,0],[0,0],[3.14,-8.46],[0,0],[1.45,3.784],[0,0],[4.116,0],[0,0],[2.315,-6.378]],"v":[[59.267,-48.053],[56.146,-48.053],[46.899,-41.466],[37.88,-15.391],[37.672,-14.708],[18.984,-13.98],[9.269,-41.518],[0.042,-48.053],[-0.036,-48.053],[-9.308,-41.395],[-18.477,-14.234],[-37.178,-14.741],[-37.204,-14.825],[-37.432,-15.547],[-46.925,-41.616],[-56.12,-48.053],[-59.228,-48.053],[-68.397,-34.84],[-39.818,41.688],[-30.649,48.053],[-26.657,48.053],[-17.476,41.668],[-8.931,18.623],[9.386,18.519],[18.308,41.772],[27.444,48.053],[31.456,48.053],[40.657,41.61],[68.468,-34.925]],"c":true},"ix":2},"nm":"Trazado 1","mn":"ADBE Vector Shape - Group","hd":false},{"ty":"fl","c":{"a":0,"k":[1,1,1,1],"ix":4},"o":{"a":0,"k":100,"ix":5},"r":1,"bm":0,"nm":"Relleno 1","mn":"ADBE Vector Graphic - Fill","hd":false},{"ty":"tr","p":{"a":0,"k":[71.033,48.303],"ix":2},"a":{"a":0,"k":[0,0],"ix":1},"s":{"a":0,"k":[100,100],"ix":3},"r":{"a":0,"k":0,"ix":6},"o":{"a":0,"k":100,"ix":7},"sk":{"a":0,"k":0,"ix":4},"sa":{"a":0,"k":0,"ix":5},"nm":"Transformar"}],"nm":"Grupo 1","np":2,"cix":2,"bm":0,"ix":1,"mn":"ADBE Vector Group","hd":false}],"ip":-4,"op":1814,"st":14,"bm":0}],"markers":[]}